Adoption Channel (derived),count,median,mean,min,max
Off Transport,589,0.0,0.2461799660441426,0,86
Other / Unknown,11,0.0,0.09090909090909091,0,1
Weekend Event,3285,8.0,18.66331811263318,0,1786
PetSmart,196,12.5,14.474489795918368,0,49
From Foster,828,18.0,37.60265700483092,0,1268
Cat Café,344,27.0,40.94767441860465,0,269
