stat,LOS_days
count,5253.0
mean,20.84770607272035
std,46.60732760472689
min,0.0
10%,0.0
25%,1.0
50%,8.0
75%,23.0
90%,50.0
max,1786.0
